Country,Date,Time Ranges
Austria,2025-04-23,00:00 - 05:00; 22:00 - 24:00
Austria,2025-04-24,00:00 - 05:00; 22:00 - 24:00
Austria,2025-04-25,00:00 - 05:00; 22:00 - 24:00
Austria,2025-04-25,11:00 - 22:00
Austria,2025-04-26,00:00 - 05:00; 22:00 - 24:00
Austria,2025-04-26,15:00 - 24:00
Austria,2025-04-27,00:00 - 22:00
Austria,2025-04-27,22:00 - 24:00
Austria,2025-04-28,00:00 - 05:00; 22:00 - 24:00
Austria,2025-04-29,00:00 - 05:00; 22:00 - 24:00
Croatia,2025-04-30,15:00 - 23:00
Croatia,2025-05-01,14:00 - 23:00
Croatia,2025-05-29,15:00 - 23:00
Croatia,2025-05-30,14:00 - 23:00
Croatia,2025-06-18,15:00 - 23:00
Croatia,2025-06-19,14:00 - 23:00
Croatia,2025-06-20,15:00 - 23:00
Croatia,2025-06-21,04:00 - 14:00; 15:00 - 23:00
Croatia,2025-06-22,12:00 - 23:00
Croatia,2025-06-28,04:00 - 14:00
Czech Republic,2025-04-27,13:00 - 22:00
Czech Republic,2025-05-01,13:00 - 22:00
Czech Republic,2025-05-04,13:00 - 22:00
Czech Republic,2025-05-08,13:00 - 22:00
Czech Republic,2025-05-11,13:00 - 22:00
Czech Republic,2025-05-18,13:00 - 22:00
Czech Republic,2025-05-25,13:00 - 22:00
Czech Republic,2025-06-01,13:00 - 22:00
Czech Republic,2025-06-08,13:00 - 22:00
Czech Republic,2025-06-15,13:00 - 22:00
France,2025-04-26,22:00 - 24:00
France,2025-04-27,00:00 - 22:00
France,2025-04-30,22:00 - 24:00
France,2025-05-01,00:00 - 22:00
France,2025-05-03,22:00 - 24:00
France,2025-05-04,00:00 - 22:00
France,2025-05-07,22:00 - 24:00
France,2025-05-08,00:00 - 24:00
France,2025-05-10,22:00 - 24:00
France,2025-05-11,00:00 - 22:00
Germany,2025-04-27,00:00 - 22:00
Germany,2025-05-01,00:00 - 22:00
Germany,2025-05-04,00:00 - 22:00
Germany,2025-05-11,00:00 - 22:00
Germany,2025-05-18,00:00 - 22:00
Germany,2025-05-25,00:00 - 22:00
Germany,2025-05-29,00:00 - 22:00
Germany,2025-06-01,00:00 - 22:00
Germany,2025-06-08,00:00 - 22:00
Germany,2025-06-09,00:00 - 22:00
Greece,2025-04-30,16:00 - 22:00
Greece,2025-05-01,08:00 - 13:00
Greece,2025-05-04,11:00 - 23:00
Hungary,2025-04-26,22:00 - 24:00
Hungary,2025-04-27,00:00 - 22:00
Hungary,2025-04-30,22:00 - 24:00
Hungary,2025-05-01,00:00 - 22:00
Hungary,2025-05-03,22:00 - 24:00
Hungary,2025-05-04,00:00 - 22:00
Hungary,2025-05-10,22:00 - 24:00
Hungary,2025-05-11,00:00 - 22:00
Hungary,2025-05-17,22:00 - 24:00
Hungary,2025-05-18,00:00 - 22:00
Italy,2025-04-25,09:00 - 22:00
Italy,2025-04-27,09:00 - 22:00
Italy,2025-05-01,09:00 - 22:00
Italy,2025-05-04,09:00 - 22:00
Italy,2025-05-11,09:00 - 22:00
Italy,2025-05-18,09:00 - 22:00
Italy,2025-05-25,09:00 - 22:00
Italy,2025-06-01,07:00 - 22:00
Italy,2025-06-02,07:00 - 22:00
Italy,2025-06-08,07:00 - 22:00
Liechtenstein,2025-04-23,00:00 - 05:00; 22:00 - 24:00
Liechtenstein,2025-04-24,00:00 - 05:00; 22:00 - 24:00
Liechtenstein,2025-04-25,00:00 - 05:00; 22:00 - 24:00
Liechtenstein,2025-04-26,00:00 - 05:00; 22:00 - 24:00
Liechtenstein,2025-04-27,00:00 - 24:00
Liechtenstein,2025-04-28,00:00 - 05:00; 22:00 - 24:00
Liechtenstein,2025-04-29,00:00 - 05:00; 22:00 - 24:00
Liechtenstein,2025-04-30,00:00 - 05:00; 22:00 - 24:00
Liechtenstein,2025-05-01,00:00 - 24:00
Liechtenstein,2025-05-02,00:00 - 05:00; 22:00 - 24:00
Luxembourg,2025-04-26,21:30 - 24:00
Luxembourg,2025-04-26,23:30 - 24:00
Luxembourg,2025-04-27,00:00 - 21:45
Luxembourg,2025-04-30,21:30 - 24:00
Luxembourg,2025-04-30,23:30 - 24:00
Luxembourg,2025-05-01,00:00 - 21:45
Luxembourg,2025-05-03,21:30 - 24:00
Luxembourg,2025-05-03,23:30 - 24:00
Luxembourg,2025-05-04,00:00 - 21:45
Luxembourg,2025-05-07,21:30 - 24:00
Poland,2025-04-30,18:00 - 22:00
Poland,2025-05-01,08:00 - 22:00
Poland,2025-05-02,18:00 - 22:00
Poland,2025-05-03,08:00 - 22:00
Poland,2025-06-07,18:00 - 22:00
Poland,2025-06-08,08:00 - 22:00
Poland,2025-06-18,18:00 - 22:00
Poland,2025-06-19,08:00 - 22:00
Poland,2025-06-27,18:00 - 22:00
Poland,2025-06-28,08:00 - 14:00
Romania,2025-04-30,16:00 - 22:00
Romania,2025-04-30,18:00 - 22:00
Romania,2025-05-01,06:00 - 22:00
Romania,2025-05-31,16:00 - 22:00
Romania,2025-05-31,18:00 - 22:00
Romania,2025-06-01,06:00 - 22:00
Romania,2025-06-07,16:00 - 22:00
Romania,2025-06-07,18:00 - 22:00
Romania,2025-06-08,06:00 - 22:00
Romania,2025-06-09,06:00 - 22:00
Slovakia,2025-04-27,00:00 - 22:00
Slovakia,2025-05-01,00:00 - 22:00
Slovakia,2025-05-04,00:00 - 22:00
Slovakia,2025-05-08,00:00 - 22:00
Slovakia,2025-05-11,00:00 - 22:00
Slovakia,2025-05-18,00:00 - 22:00
Slovakia,2025-05-25,00:00 - 22:00
Slovakia,2025-06-01,00:00 - 22:00
Slovakia,2025-06-08,00:00 - 22:00
Slovakia,2025-06-15,00:00 - 22:00
Slovenia,2025-04-27,08:00 - 22:00
Slovenia,2025-05-01,08:00 - 22:00
Slovenia,2025-05-02,08:00 - 22:00
Slovenia,2025-05-04,08:00 - 22:00
Slovenia,2025-05-11,08:00 - 22:00
Slovenia,2025-05-18,08:00 - 22:00
Slovenia,2025-05-25,08:00 - 22:00
Slovenia,2025-06-01,08:00 - 22:00
Slovenia,2025-06-08,08:00 - 22:00
Slovenia,2025-06-15,08:00 - 22:00
Switzerland,2025-04-23,00:00 - 05:00; 22:00 - 24:00
Switzerland,2025-04-24,00:00 - 05:00; 22:00 - 24:00
Switzerland,2025-04-25,00:00 - 05:00; 22:00 - 24:00
Switzerland,2025-04-26,00:00 - 05:00; 22:00 - 24:00
Switzerland,2025-04-27,00:00 - 24:00
Switzerland,2025-04-28,00:00 - 05:00; 22:00 - 24:00
Switzerland,2025-04-29,00:00 - 05:00; 22:00 - 24:00
Switzerland,2025-04-30,00:00 - 05:00; 22:00 - 24:00
Switzerland,2025-05-01,00:00 - 05:00; 22:00 - 24:00
Switzerland,2025-05-02,00:00 - 05:00; 22:00 - 24:00
Austria,2025-04-30,00:00 - 05:00; 22:00 - 24:00
Liechtenstein,2025-05-03,00:00 - 05:00; 22:00 - 24:00
Switzerland,2025-05-03,00:00 - 05:00; 22:00 - 24:00
Austria,2025-05-01,00:00 - 22:00
Liechtenstein,2025-05-04,00:00 - 24:00
Switzerland,2025-05-04,00:00 - 24:00
Austria,2025-05-01,22:00 - 24:00
Austria,2025-05-02,00:00 - 05:00; 22:00 - 24:00
Italy,2025-06-15,07:00 - 22:00
Liechtenstein,2025-05-05,00:00 - 05:00; 22:00 - 24:00
Switzerland,2025-05-05,00:00 - 05:00; 22:00 - 24:00
Austria,2025-05-03,00:00 - 05:00; 22:00 - 24:00
Austria,2025-05-03,15:00 - 24:00
France,2025-05-17,22:00 - 24:00
Hungary,2025-05-24,22:00 - 24:00
Liechtenstein,2025-05-06,00:00 - 05:00; 22:00 - 24:00
Luxembourg,2025-05-08,00:00 - 24:00
Luxembourg,2025-05-08,23:30 - 24:00
Switzerland,2025-05-06,00:00 - 05:00; 22:00 - 24:00
Austria,2025-05-04,00:00 - 22:00
Austria,2025-05-04,22:00 - 24:00
Czech Republic,2025-06-22,13:00 - 22:00
France,2025-05-18,00:00 - 22:00
Germany,2025-06-15,00:00 - 22:00
Hungary,2025-05-25,00:00 - 22:00
Italy,2025-06-22,07:00 - 22:00
Liechtenstein,2025-05-07,00:00 - 05:00; 22:00 - 24:00
Luxembourg,2025-05-09,00:00 - 21:45
Slovakia,2025-06-22,00:00 - 22:00
Slovenia,2025-06-22,08:00 - 22:00
Switzerland,2025-05-07,00:00 - 05:00; 22:00 - 24:00
Austria,2025-05-05,00:00 - 05:00; 22:00 - 24:00
Liechtenstein,2025-05-08,00:00 - 05:00; 22:00 - 24:00
Switzerland,2025-05-08,00:00 - 05:00; 22:00 - 24:00
Austria,2025-05-06,00:00 - 05:00; 22:00 - 24:00
Hungary,2025-05-01,06:00 - 22:00
Hungary,2025-05-31,22:00 - 24:00
Liechtenstein,2025-05-09,00:00 - 05:00; 22:00 - 24:00
Switzerland,2025-05-09,00:00 - 05:00; 22:00 - 24:00
Austria,2025-05-07,00:00 - 05:00; 22:00 - 24:00
Croatia,2025-06-29,12:00 - 23:00
France,2025-05-24,22:00 - 24:00
Liechtenstein,2025-05-10,00:00 - 05:00; 22:00 - 24:00
Luxembourg,2025-05-10,21:30 - 24:00
Luxembourg,2025-05-10,23:30 - 24:00
Poland,2025-06-29,08:00 - 22:00
Switzerland,2025-05-10,00:00 - 05:00; 22:00 - 24:00
Austria,2025-05-08,00:00 - 05:00; 22:00 - 24:00
Austria,2025-05-09,00:00 - 05:00; 22:00 - 24:00
Czech Republic,2025-06-29,13:00 - 22:00
France,2025-05-25,00:00 - 22:00
Germany,2025-06-19,00:00 - 22:00
Hungary,2025-06-01,00:00 - 22:00
Italy,2025-06-29,07:00 - 22:00
Liechtenstein,2025-05-11,00:00 - 24:00
Luxembourg,2025-05-11,00:00 - 21:45
Slovakia,2025-06-29,00:00 - 22:00
Slovenia,2025-06-25,08:00 - 22:00
Switzerland,2025-05-11,00:00 - 24:00
Austria,2025-05-10,15:00 - 24:00
Liechtenstein,2025-05-12,00:00 - 05:00; 22:00 - 24:00
Slovenia,2025-06-29,08:00 - 22:00
Switzerland,2025-05-12,00:00 - 05:00; 22:00 - 24:00
Austria,2025-05-10,00:00 - 05:00; 22:00 - 24:00
Austria,2025-05-11,00:00 - 22:00
France,2025-05-31,22:00 - 24:00
Hungary,2025-06-07,22:00 - 24:00
Liechtenstein,2025-05-13,00:00 - 05:00; 22:00 - 24:00
Luxembourg,2025-05-17,21:30 - 24:00
Luxembourg,2025-05-17,23:30 - 24:00
Switzerland,2025-05-13,00:00 - 05:00; 22:00 - 24:00
Austria,2025-05-11,22:00 - 24:00
Austria,2025-05-12,00:00 - 05:00; 22:00 - 24:00
France,2025-06-01,00:00 - 22:00
Germany,2025-06-22,00:00 - 22:00
Hungary,2025-06-08,00:00 - 24:00
Liechtenstein,2025-05-14,00:00 - 05:00; 22:00 - 24:00
Luxembourg,2025-05-18,00:00 - 21:45
Switzerland,2025-05-14,00:00 - 05:00; 22:00 - 24:00
Austria,2025-05-13,00:00 - 05:00; 22:00 - 24:00
Croatia,2025-06-15,15:00 - 23:00
France,2025-05-08,00:00 - 22:00
Liechtenstein,2025-05-15,00:00 - 05:00; 22:00 - 24:00
Switzerland,2025-05-15,00:00 - 05:00; 22:00 - 24:00
Austria,2025-05-14,00:00 - 05:00; 22:00 - 24:00
Croatia,2025-06-15,12:00 - 23:00
Czech Republic,2025-07-04,17:00 - 21:00
Liechtenstein,2025-05-16,00:00 - 05:00; 22:00 - 24:00
Switzerland,2025-05-16,00:00 - 05:00; 22:00 - 24:00
Austria,2025-05-15,00:00 - 05:00; 22:00 - 24:00
France,2025-06-07,22:00 - 24:00
Liechtenstein,2025-05-17,00:00 - 05:00; 22:00 - 24:00
Luxembourg,2025-05-24,21:30 - 24:00
Switzerland,2025-05-17,00:00 - 05:00; 22:00 - 24:00
Austria,2025-05-16,00:00 - 05:00; 22:00 - 24:00
Czech Republic,2025-07-05,07:00 - 22:00
France,2025-06-08,00:00 - 24:00
Greece,2025-06-06,16:00 - 22:00
Greece,2025-06-07,08:00 - 13:00
Greece,2025-06-13,16:00 - 21:00
Greece,2025-06-15,15:00 - 22:00
Greece,2025-06-20,16:00 - 21:00
Greece,2025-06-22,15:00 - 22:00
Greece,2025-06-27,16:00 - 21:00
Greece,2025-06-29,15:00 - 22:00
Greece,2025-07-04,15:00 - 22:00
Greece,2025-07-04,16:00 - 21:00
Liechtenstein,2025-05-18,00:00 - 24:00
Luxembourg,2025-05-24,23:30 - 24:00
Luxembourg,2025-05-25,00:00 - 21:45
Switzerland,2025-05-18,00:00 - 24:00
Greece,2025-06-14,08:00 - 16:00
Greece,2025-06-14,08:00 - 22:00
Greece,2025-06-15,08:00 - 22:00
Greece,2025-06-15,10:00 - 22:00
Greece,2025-06-15,18:00 - 23:00
Austria,2025-05-17,15:00 - 24:00
Liechtenstein,2025-05-19,00:00 - 05:00; 22:00 - 24:00
Luxembourg,2025-05-28,21:30 - 24:00
Switzerland,2025-05-19,00:00 - 05:00; 22:00 - 24:00
Austria,2025-05-17,00:00 - 05:00; 22:00 - 24:00
Austria,2025-05-18,00:00 - 22:00
France,2025-06-09,00:00 - 22:00
Hungary,2025-06-09,00:00 - 22:00
Liechtenstein,2025-05-20,00:00 - 05:00; 22:00 - 24:00
Luxembourg,2025-05-28,23:30 - 24:00
Luxembourg,2025-05-29,00:00 - 21:45
Switzerland,2025-05-20,00:00 - 05:00; 22:00 - 24:00
Austria,2025-05-18,22:00 - 24:00
Austria,2025-05-19,00:00 - 05:00; 22:00 - 24:00
Czech Republic,2025-07-06,13:00 - 22:00
France,2025-06-14,22:00 - 24:00
Germany,2025-06-29,00:00 - 22:00
Hungary,2025-06-14,22:00 - 24:00
Liechtenstein,2025-05-21,00:00 - 05:00; 22:00 - 24:00
Luxembourg,2025-05-31,21:30 - 24:00
Switzerland,2025-05-21,00:00 - 05:00; 22:00 - 24:00
Austria,2025-05-20,00:00 - 05:00; 22:00 - 24:00
Liechtenstein,2025-05-22,00:00 - 05:00; 22:00 - 24:00
Switzerland,2025-05-22,00:00 - 05:00; 22:00 - 24:00
Austria,2025-05-21,00:00 - 05:00; 22:00 - 24:00
Liechtenstein,2025-05-23,00:00 - 05:00; 22:00 - 24:00
Switzerland,2025-05-23,00:00 - 05:00; 22:00 - 24:00
Austria,2025-05-22,00:00 - 05:00; 22:00 - 24:00
Liechtenstein,2025-05-24,00:00 - 05:00; 22:00 - 24:00
Poland,2025-07-04,18:00 - 22:00
Poland,2025-07-05,08:00 - 14:00
Poland,2025-07-06,08:00 - 22:00
Romania,2025-07-04,12:00 - 22:00
Romania,2025-07-05,06:00 - 22:00
Romania,2025-07-06,06:00 - 22:00
Switzerland,2025-05-24,00:00 - 05:00; 22:00 - 24:00
Austria,2025-05-23,00:00 - 05:00; 22:00 - 24:00
Liechtenstein,2025-05-25,00:00 - 24:00
Switzerland,2025-05-25,00:00 - 24:00
Austria,2025-05-24,15:00 - 24:00
Liechtenstein,2025-05-26,00:00 - 05:00; 22:00 - 24:00
Slovakia,2025-07-05,00:00 - 22:00
Slovakia,2025-07-06,00:00 - 22:00
Slovakia,2025-07-12,07:00 - 19:00
Slovenia,2025-06-28,06:00 - 16:00
Slovenia,2025-06-28,08:00 - 13:00
Switzerland,2025-05-26,00:00 - 05:00; 22:00 - 24:00
Austria,2025-05-24,00:00 - 05:00; 22:00 - 24:00
Austria,2025-05-25,00:00 - 22:00
France,2025-06-15,00:00 - 22:00
Hungary,2025-06-15,00:00 - 22:00
Liechtenstein,2025-05-27,00:00 - 05:00; 22:00 - 24:00
Luxembourg,2025-05-31,23:30 - 24:00
Luxembourg,2025-06-01,00:00 - 21:45
Switzerland,2025-05-27,00:00 - 05:00; 22:00 - 24:00
Austria,2025-05-25,22:00 - 24:00
Austria,2025-05-26,00:00 - 05:00; 22:00 - 24:00
Czech Republic,2025-07-11,17:00 - 21:00
France,2025-06-21,22:00 - 24:00
Germany,2025-07-05,07:00 - 20:00
Hungary,2025-06-21,22:00 - 24:00
Liechtenstein,2025-05-28,00:00 - 05:00; 22:00 - 24:00
Luxembourg,2025-06-07,21:30 - 24:00
Slovakia,2025-07-13,00:00 - 22:00
Slovenia,2025-07-05,08:00 - 13:00
Switzerland,2025-05-28,00:00 - 05:00; 22:00 - 24:00
Austria,2025-05-27,00:00 - 05:00; 22:00 - 24:00
France,2025-05-28,22:00 - 24:00
France,2025-05-29,00:00 - 22:00
Italy,2025-07-05,08:00 - 16:00
Italy,2025-07-06,07:00 - 22:00
Italy,2025-07-12,08:00 - 16:00
Liechtenstein,2025-05-29,00:00 - 24:00
Switzerland,2025-05-29,00:00 - 24:00
Austria,2025-05-28,07:00 - 22:00
Liechtenstein,2025-05-30,00:00 - 05:00; 22:00 - 24:00
Switzerland,2025-05-30,00:00 - 05:00; 22:00 - 24:00
Austria,2025-05-28,00:00 - 05:00; 22:00 - 24:00
Liechtenstein,2025-05-31,00:00 - 05:00; 22:00 - 24:00
Switzerland,2025-05-31,00:00 - 05:00; 22:00 - 24:00
Austria,2025-05-28,13:00 - 19:00
Liechtenstein,2025-06-01,00:00 - 24:00
Switzerland,2025-06-01,00:00 - 24:00
Austria,2025-05-29,00:00 - 22:00
Liechtenstein,2025-06-02,00:00 - 05:00; 22:00 - 24:00
Switzerland,2025-06-02,00:00 - 05:00; 22:00 - 24:00
Austria,2025-05-29,22:00 - 24:00
Austria,2025-05-30,00:00 - 05:00; 22:00 - 24:00
Hungary,2025-06-22,00:00 - 22:00
Liechtenstein,2025-06-03,00:00 - 05:00; 22:00 - 24:00
Luxembourg,2025-06-07,23:30 - 24:00
Luxembourg,2025-06-08,00:00 - 24:00
Switzerland,2025-06-03,00:00 - 05:00; 22:00 - 24:00
Austria,2025-05-31,00:00 - 05:00; 22:00 - 24:00
Austria,2025-05-31,15:00 - 24:00
Czech Republic,2025-07-12,07:00 - 13:00
Germany,2025-07-06,00:00 - 22:00
Hungary,2025-06-28,22:00 - 24:00
Italy,2025-07-13,07:00 - 22:00
Liechtenstein,2025-06-04,00:00 - 05:00; 22:00 - 24:00
Luxembourg,2025-06-08,00:00 - 21:45; 23:30 - 24:00
Slovakia,2025-07-20,00:00 - 22:00
Slovenia,2025-07-05,06:00 - 16:00
Switzerland,2025-06-04,00:00 - 05:00; 22:00 - 24:00
Austria,2025-06-01,00:00 - 22:00
Liechtenstein,2025-06-05,00:00 - 05:00; 22:00 - 24:00
Switzerland,2025-06-05,00:00 - 05:00; 22:00 - 24:00
Austria,2025-06-01,22:00 - 24:00
Liechtenstein,2025-06-06,00:00 - 05:00; 22:00 - 24:00
Switzerland,2025-06-06,00:00 - 05:00; 22:00 - 24:00
Austria,2025-06-02,00:00 - 05:00; 22:00 - 24:00
Austria,2025-06-02,09:00 - 22:00
Austria,2025-06-03,00:00 - 05:00; 22:00 - 24:00
France,2025-06-22,00:00 - 22:00
Italy,2025-05-29,00:00 - 22:00
Italy,2025-06-09,00:00 - 22:00
Italy,2025-06-19,00:00 - 22:00
Liechtenstein,2025-06-07,00:00 - 05:00; 22:00 - 24:00
Luxembourg,2025-06-09,00:00 - 21:45
Luxembourg,2025-06-14,21:30 - 24:00
Switzerland,2025-06-07,00:00 - 05:00; 22:00 - 24:00
Austria,2025-06-04,00:00 - 05:00; 22:00 - 24:00
Austria,2025-06-05,00:00 - 05:00; 22:00 - 24:00
Croatia,2025-07-05,04:00 - 14:00
France,2025-06-28,22:00 - 24:00
Germany,2025-07-12,07:00 - 20:00
Liechtenstein,2025-06-08,00:00 - 24:00
Luxembourg,2025-06-14,23:30 - 24:00
Switzerland,2025-06-08,00:00 - 24:00
Austria,2025-06-06,00:00 - 05:00; 22:00 - 24:00
Croatia,2025-07-06,12:00 - 23:00
Liechtenstein,2025-06-09,00:00 - 24:00
Switzerland,2025-06-09,00:00 - 24:00
Austria,2025-06-07,07:00 - 15:00
Austria,2025-06-07,15:00 - 24:00
France,2025-06-29,00:00 - 22:00
Hungary,2025-06-29,00:00 - 22:00
Liechtenstein,2025-06-10,00:00 - 05:00; 22:00 - 24:00
Luxembourg,2025-06-15,00:00 - 21:45
Luxembourg,2025-06-18,23:30 - 24:00
Romania,2025-07-11,12:00 - 22:00
Romania,2025-07-12,06:00 - 22:00
Switzerland,2025-06-10,00:00 - 05:00; 22:00 - 24:00
Austria,2025-06-07,00:00 - 05:00; 22:00 - 24:00
Austria,2025-06-08,00:00 - 22:00
Czech Republic,2025-07-13,13:00 - 22:00
France,2025-07-05,07:00 - 19:00
Germany,2025-07-13,00:00 - 22:00
Hungary,2025-07-05,15:00 - 24:00
Liechtenstein,2025-06-11,00:00 - 05:00; 22:00 - 24:00
Luxembourg,2025-06-19,00:00 - 21:45
Romania,2025-07-13,06:00 - 22:00
Slovakia,2025-07-26,07:00 - 19:00
Slovenia,2025-07-06,08:00 - 22:00
Switzerland,2025-06-11,00:00 - 05:00; 22:00 - 24:00
Austria,2025-06-08,22:00 - 24:00
Austria,2025-06-09,00:00 - 22:00
Liechtenstein,2025-06-12,00:00 - 05:00; 22:00 - 24:00
Switzerland,2025-06-12,00:00 - 05:00; 22:00 - 24:00
Austria,2025-06-09,22:00 - 24:00
Liechtenstein,2025-06-13,00:00 - 05:00; 22:00 - 24:00
Switzerland,2025-06-13,00:00 - 05:00; 22:00 - 24:00
Austria,2025-06-10,00:00 - 05:00; 22:00 - 24:00
Hungary,2025-06-08,06:00 - 22:00
Hungary,2025-06-09,06:00 - 22:00
Liechtenstein,2025-06-14,00:00 - 05:00; 22:00 - 24:00
Switzerland,2025-06-14,00:00 - 05:00; 22:00 - 24:00
Austria,2025-06-11,00:00 - 05:00; 22:00 - 24:00
Liechtenstein,2025-06-15,00:00 - 24:00
Switzerland,2025-06-15,00:00 - 24:00
Austria,2025-06-12,00:00 - 05:00; 22:00 - 24:00
Greece,2025-06-21,08:00 - 16:00
Liechtenstein,2025-06-16,00:00 - 05:00; 22:00 - 24:00
Switzerland,2025-06-16,00:00 - 05:00; 22:00 - 24:00
Austria,2025-06-13,00:00 - 05:00; 22:00 - 24:00
Austria,2025-06-14,07:00 - 15:00
Austria,2025-06-14,15:00 - 24:00
France,2025-07-06,00:00 - 22:00
Greece,2025-06-21,08:00 - 22:00
Hungary,2025-07-06,00:00 - 22:00
Liechtenstein,2025-06-17,00:00 - 05:00; 22:00 - 24:00
Luxembourg,2025-06-21,21:30 - 24:00
Luxembourg,2025-06-21,23:30 - 24:00
Poland,2025-07-11,18:00 - 22:00
Romania,2025-07-18,12:00 - 22:00
Romania,2025-07-19,06:00 - 22:00
Switzerland,2025-06-17,00:00 - 05:00; 22:00 - 24:00
Austria,2025-06-14,00:00 - 05:00; 22:00 - 24:00
Austria,2025-06-15,00:00 - 22:00
Czech Republic,2025-07-18,17:00 - 21:00
France,2025-07-12,07:00 - 19:00
Germany,2025-07-19,07:00 - 20:00
Hungary,2025-07-12,15:00 - 24:00
Italy,2025-07-19,08:00 - 16:00
Liechtenstein,2025-06-18,00:00 - 05:00; 22:00 - 24:00
Luxembourg,2025-06-22,00:00 - 21:45
Luxembourg,2025-06-28,21:30 - 24:00
Poland,2025-07-12,08:00 - 14:00
Romania,2025-07-20,06:00 - 22:00
Slovakia,2025-07-27,00:00 - 22:00
Slovenia,2025-07-12,08:00 - 13:00
Switzerland,2025-06-18,00:00 - 05:00; 22:00 - 24:00
Austria,2025-06-15,22:00 - 24:00
Austria,2025-06-16,00:00 - 05:00; 22:00 - 24:00
France,2025-07-13,00:00 - 24:00
Germany,2025-07-20,00:00 - 22:00
Hungary,2025-07-13,00:00 - 22:00
Italy,2025-07-20,07:00 - 22:00
Liechtenstein,2025-06-19,00:00 - 24:00
Luxembourg,2025-06-28,23:30 - 24:00
Romania,2025-07-25,12:00 - 22:00
Switzerland,2025-06-19,00:00 - 05:00; 22:00 - 24:00
Austria,2025-06-17,00:00 - 05:00; 22:00 - 24:00
Liechtenstein,2025-06-20,00:00 - 05:00; 22:00 - 24:00
Switzerland,2025-06-20,00:00 - 05:00; 22:00 - 24:00
Austria,2025-06-18,07:00 - 22:00
Liechtenstein,2025-06-21,00:00 - 05:00; 22:00 - 24:00
Switzerland,2025-06-21,00:00 - 05:00; 22:00 - 24:00
Austria,2025-06-18,00:00 - 05:00; 22:00 - 24:00
Liechtenstein,2025-06-22,00:00 - 24:00
Switzerland,2025-06-22,00:00 - 24:00
Austria,2025-06-19,00:00 - 22:00
Liechtenstein,2025-06-23,00:00 - 05:00; 22:00 - 24:00
Switzerland,2025-06-23,00:00 - 05:00; 22:00 - 24:00
Austria,2025-06-19,22:00 - 24:00
Austria,2025-06-20,00:00 - 05:00; 22:00 - 24:00
Austria,2025-06-21,07:00 - 15:00
France,2025-07-14,00:00 - 22:00
Greece,2025-06-22,10:00 - 22:00
Greece,2025-06-22,18:00 - 23:00
Hungary,2025-07-19,15:00 - 24:00
Liechtenstein,2025-06-24,00:00 - 05:00; 22:00 - 24:00
Luxembourg,2025-06-29,00:00 - 21:45
Luxembourg,2025-07-05,21:30 - 24:00
Switzerland,2025-06-24,00:00 - 05:00; 22:00 - 24:00
Austria,2025-06-21,00:00 - 05:00; 22:00 - 24:00
Austria,2025-06-21,15:00 - 24:00
Croatia,2025-07-12,04:00 - 14:00
Czech Republic,2025-07-19,07:00 - 13:00
France,2025-07-19,07:00 - 19:00
Germany,2025-07-26,07:00 - 20:00
Greece,2025-06-22,08:00 - 22:00
Greece,2025-06-28,08:00 - 16:00
Greece,2025-06-28,08:00 - 22:00
Hungary,2025-07-20,00:00 - 22:00
Italy,2025-07-25,16:00 - 22:00
Liechtenstein,2025-06-25,00:00 - 05:00; 22:00 - 24:00
Luxembourg,2025-07-05,23:30 - 24:00
Slovakia,2025-08-02,07:00 - 19:00
Slovenia,2025-07-12,06:00 - 16:00
Switzerland,2025-06-25,00:00 - 05:00; 22:00 - 24:00
Austria,2025-06-22,00:00 - 22:00
Liechtenstein,2025-06-26,00:00 - 05:00; 22:00 - 24:00
Switzerland,2025-06-26,00:00 - 05:00; 22:00 - 24:00
Austria,2025-06-22,22:00 - 24:00
Liechtenstein,2025-06-27,00:00 - 05:00; 22:00 - 24:00
Switzerland,2025-06-27,00:00 - 05:00; 22:00 - 24:00
Austria,2025-06-23,00:00 - 05:00; 22:00 - 24:00
Austria,2025-06-24,00:00 - 05:00; 22:00 - 24:00
Croatia,2025-07-13,12:00 - 23:00
Liechtenstein,2025-06-28,00:00 - 05:00; 22:00 - 24:00
Luxembourg,2025-07-06,00:00 - 21:45
Poland,2025-07-13,08:00 - 22:00
Switzerland,2025-06-28,00:00 - 05:00; 22:00 - 24:00
Austria,2025-06-25,00:00 - 05:00; 22:00 - 24:00
Austria,2025-06-26,00:00 - 05:00; 22:00 - 24:00
Croatia,2025-07-19,04:00 - 14:00
Germany,2025-07-27,00:00 - 22:00
Italy,2025-07-26,08:00 - 16:00
Liechtenstein,2025-06-29,00:00 - 24:00
Luxembourg,2025-07-12,21:30 - 24:00
Poland,2025-07-18,18:00 - 22:00
Switzerland,2025-06-29,00:00 - 24:00
Austria,2025-06-27,00:00 - 05:00; 22:00 - 24:00
Croatia,2025-07-20,12:00 - 23:00
Liechtenstein,2025-06-30,00:00 - 05:00; 22:00 - 24:00
Switzerland,2025-06-30,00:00 - 05:00; 22:00 - 24:00
Austria,2025-06-28,00:00 - 05:00; 22:00 - 24:00
Austria,2025-06-28,07:00 - 15:00
Austria,2025-06-28,15:00 - 24:00
Croatia,2025-07-26,04:00 - 14:00
France,2025-07-20,00:00 - 22:00
Greece,2025-06-29,10:00 - 22:00
Greece,2025-06-29,18:00 - 23:00
Hungary,2025-07-26,15:00 - 24:00
Liechtenstein,2025-07-01,00:00 - 05:00; 22:00 - 24:00
Luxembourg,2025-07-12,23:30 - 24:00
Luxembourg,2025-07-13,00:00 - 21:45
Switzerland,2025-07-01,00:00 - 05:00; 22:00 - 24:00
Austria,2025-06-29,00:00 - 22:00
Austria,2025-06-29,22:00 - 24:00
Croatia,2025-07-27,12:00 - 23:00
Czech Republic,2025-07-20,13:00 - 22:00
France,2025-07-26,07:00 - 19:00
Germany,2025-08-02,07:00 - 20:00
Greece,2025-06-29,08:00 - 22:00
Greece,2025-07-05,08:00 - 22:00
Hungary,2025-07-27,00:00 - 22:00
Italy,2025-07-27,07:00 - 22:00
Liechtenstein,2025-07-02,00:00 - 05:00; 22:00 - 24:00
Luxembourg,2025-07-13,21:30 - 24:00
Slovakia,2025-08-03,00:00 - 22:00
Slovenia,2025-07-13,08:00 - 22:00
Switzerland,2025-07-02,00:00 - 05:00; 22:00 - 24:00
Austria,2025-06-30,00:00 - 05:00; 22:00 - 24:00
Liechtenstein,2025-07-03,00:00 - 05:00; 22:00 - 24:00
Slovakia,2025-07-19,07:00 - 19:00
Switzerland,2025-07-03,00:00 - 05:00; 22:00 - 24:00
Austria,2025-07-01,00:00 - 05:00; 22:00 - 24:00
Czech Republic,2025-07-05,13:00 - 22:00
Liechtenstein,2025-07-04,00:00 - 05:00; 22:00 - 24:00
Switzerland,2025-07-04,00:00 - 05:00; 22:00 - 24:00
Austria,2025-07-02,00:00 - 05:00; 22:00 - 24:00
Liechtenstein,2025-07-05,00:00 - 05:00; 22:00 - 24:00
Slovenia,2025-07-19,08:00 - 13:00
Switzerland,2025-07-05,00:00 - 05:00; 22:00 - 24:00
Austria,2025-07-03,00:00 - 05:00; 22:00 - 24:00
Liechtenstein,2025-07-06,00:00 - 24:00
Switzerland,2025-07-06,00:00 - 24:00
Austria,2025-07-04,00:00 - 05:00; 22:00 - 24:00
Greece,2025-07-05,08:00 - 16:00
Liechtenstein,2025-07-07,00:00 - 05:00; 22:00 - 24:00
Poland,2025-07-19,08:00 - 14:00
Switzerland,2025-07-07,00:00 - 05:00; 22:00 - 24:00
Austria,2025-07-05,00:00 - 05:00; 22:00 - 24:00
Austria,2025-07-05,07:00 - 15:00
Austria,2025-07-05,15:00 - 24:00
Croatia,2025-08-02,04:00 - 14:00
France,2025-07-27,00:00 - 22:00
Greece,2025-07-06,08:00 - 22:00
Greece,2025-07-06,15:00 - 22:00
Hungary,2025-08-02,15:00 - 24:00
Liechtenstein,2025-07-08,00:00 - 05:00; 22:00 - 24:00
Luxembourg,2025-07-14,00:00 - 21:45
Luxembourg,2025-07-19,21:30 - 24:00
Poland,2025-07-20,08:00 - 22:00
Slovenia,2025-07-19,06:00 - 16:00
Slovenia,2025-07-20,08:00 - 22:00
Switzerland,2025-07-08,00:00 - 05:00; 22:00 - 24:00
Austria,2025-07-05,08:00 - 15:00
Austria,2025-07-06,00:00 - 22:00
Croatia,2025-08-03,12:00 - 23:00
Czech Republic,2025-07-25,17:00 - 21:00
France,2025-08-02,07:00 - 19:00
Germany,2025-08-03,00:00 - 22:00
Greece,2025-07-06,10:00 - 22:00
Greece,2025-07-06,18:00 - 23:00
Greece,2025-07-11,15:00 - 22:00
Greece,2025-07-11,16:00 - 21:00
Hungary,2025-08-03,00:00 - 22:00
Italy,2025-08-01,16:00 - 22:00
Liechtenstein,2025-07-09,00:00 - 05:00; 22:00 - 24:00
Luxembourg,2025-07-19,23:30 - 24:00
Poland,2025-07-25,18:00 - 22:00
Slovenia,2025-07-26,08:00 - 13:00
Switzerland,2025-07-09,00:00 - 05:00; 22:00 - 24:00
Austria,2025-07-06,22:00 - 24:00
Liechtenstein,2025-07-10,00:00 - 05:00; 22:00 - 24:00
Switzerland,2025-07-10,00:00 - 05:00; 22:00 - 24:00
Austria,2025-07-07,00:00 - 05:00; 22:00 - 24:00
Liechtenstein,2025-07-11,00:00 - 05:00; 22:00 - 24:00
Switzerland,2025-07-11,00:00 - 05:00; 22:00 - 24:00
Austria,2025-07-08,00:00 - 05:00; 22:00 - 24:00
Liechtenstein,2025-07-12,00:00 - 05:00; 22:00 - 24:00
Switzerland,2025-07-12,00:00 - 05:00; 22:00 - 24:00
Austria,2025-07-09,00:00 - 05:00; 22:00 - 24:00
Hungary,2025-07-05,15:00 - 22:00
Hungary,2025-07-06,06:00 - 22:00
Liechtenstein,2025-07-13,00:00 - 24:00
Switzerland,2025-07-13,00:00 - 24:00
Austria,2025-07-10,00:00 - 05:00; 22:00 - 24:00
Czech Republic,2025-07-26,07:00 - 13:00
Greece,2025-07-12,08:00 - 16:00
Greece,2025-07-12,08:00 - 22:00
Liechtenstein,2025-07-14,00:00 - 05:00; 22:00 - 24:00
Poland,2025-07-26,08:00 - 14:00
Romania,2025-07-26,06:00 - 22:00
Switzerland,2025-07-14,00:00 - 05:00; 22:00 - 24:00
Austria,2025-07-11,00:00 - 05:00; 22:00 - 24:00
Austria,2025-07-12,00:00 - 05:00; 22:00 - 24:00
Austria,2025-07-12,07:00 - 15:00
Austria,2025-07-12,15:00 - 24:00
Croatia,2025-08-04,15:00 - 23:00
Czech Republic,2025-07-27,13:00 - 22:00
France,2025-08-03,00:00 - 22:00
Germany,2025-08-09,07:00 - 20:00
Greece,2025-07-13,08:00 - 22:00
Greece,2025-07-13,15:00 - 22:00
Hungary,2025-08-09,15:00 - 24:00
Italy,2025-08-02,08:00 - 22:00
Liechtenstein,2025-07-15,00:00 - 05:00; 22:00 - 24:00
Luxembourg,2025-07-20,00:00 - 21:45
Luxembourg,2025-07-26,21:30 - 24:00
Poland,2025-07-27,08:00 - 22:00
Romania,2025-07-27,06:00 - 22:00
Slovakia,2025-08-09,07:00 - 19:00
Slovenia,2025-07-26,06:00 - 16:00
Slovenia,2025-07-27,08:00 - 22:00
Switzerland,2025-07-15,00:00 - 05:00; 22:00 - 24:00
Austria,2025-07-12,08:00 - 15:00
Austria,2025-07-13,00:00 - 22:00
Croatia,2025-08-05,14:00 - 23:00
Czech Republic,2025-08-01,17:00 - 21:00
France,2025-08-09,22:00 - 24:00
Germany,2025-08-10,00:00 - 22:00
Greece,2025-07-13,10:00 - 22:00
Greece,2025-07-13,18:00 - 23:00
Greece,2025-07-18,15:00 - 22:00
Greece,2025-07-18,16:00 - 21:00
Hungary,2025-08-10,00:00 - 22:00
Italy,2025-08-03,07:00 - 22:00
Liechtenstein,2025-07-16,00:00 - 05:00; 22:00 - 24:00
Luxembourg,2025-07-26,23:30 - 24:00
Poland,2025-08-01,18:00 - 22:00
Romania,2025-08-01,12:00 - 22:00
Slovakia,2025-08-10,00:00 - 22:00
Slovenia,2025-08-02,08:00 - 13:00
Switzerland,2025-07-16,00:00 - 05:00; 22:00 - 24:00
Austria,2025-07-13,22:00 - 24:00
Liechtenstein,2025-07-17,00:00 - 05:00; 22:00 - 24:00
Switzerland,2025-07-17,00:00 - 05:00; 22:00 - 24:00
Austria,2025-07-14,00:00 - 05:00; 22:00 - 24:00
Liechtenstein,2025-07-18,00:00 - 05:00; 22:00 - 24:00
Luxembourg,2025-07-13,00:00 - 24:00
Switzerland,2025-07-18,00:00 - 05:00; 22:00 - 24:00
Austria,2025-07-15,00:00 - 05:00; 22:00 - 24:00
Italy,2025-07-12,07:00 - 22:00
Italy,2025-07-19,07:00 - 22:00
Italy,2025-07-26,07:00 - 22:00
Liechtenstein,2025-07-19,00:00 - 05:00; 22:00 - 24:00
Switzerland,2025-07-19,00:00 - 05:00; 22:00 - 24:00
Austria,2025-07-16,00:00 - 05:00; 22:00 - 24:00
Liechtenstein,2025-07-20,00:00 - 24:00
Switzerland,2025-07-20,00:00 - 24:00
Austria,2025-07-17,00:00 - 05:00; 22:00 - 24:00
Czech Republic,2025-08-02,07:00 - 13:00
Greece,2025-07-19,08:00 - 16:00
Greece,2025-07-19,08:00 - 22:00
Liechtenstein,2025-07-21,00:00 - 05:00; 22:00 - 24:00
Poland,2025-08-02,08:00 - 14:00
Romania,2025-08-02,06:00 - 22:00
Switzerland,2025-07-21,00:00 - 05:00; 22:00 - 24:00
Austria,2025-07-18,00:00 - 05:00; 22:00 - 24:00
Austria,2025-07-19,00:00 - 05:00; 22:00 - 24:00
Austria,2025-07-19,07:00 - 15:00
Austria,2025-07-19,15:00 - 24:00
Croatia,2025-08-09,04:00 - 14:00
Czech Republic,2025-08-03,13:00 - 22:00
France,2025-08-10,00:00 - 22:00
Germany,2025-08-16,07:00 - 20:00
Greece,2025-07-20,08:00 - 22:00
Greece,2025-07-20,15:00 - 22:00
Hungary,2025-08-16,15:00 - 24:00
Liechtenstein,2025-07-22,00:00 - 05:00; 22:00 - 24:00
Luxembourg,2025-07-27,00:00 - 21:45
Luxembourg,2025-08-02,21:30 - 24:00
Poland,2025-08-03,08:00 - 22:00
Romania,2025-08-03,06:00 - 22:00
Slovakia,2025-08-16,07:00 - 19:00
Slovenia,2025-08-02,06:00 - 16:00
Slovenia,2025-08-03,08:00 - 22:00
Switzerland,2025-07-22,00:00 - 05:00; 22:00 - 24:00
Austria,2025-07-19,08:00 - 15:00
Austria,2025-07-20,00:00 - 22:00
Croatia,2025-08-10,12:00 - 23:00
Czech Republic,2025-08-08,17:00 - 21:00
France,2025-08-14,22:00 - 24:00
Germany,2025-08-17,00:00 - 22:00
Greece,2025-07-20,10:00 - 22:00
Greece,2025-07-20,18:00 - 23:00
Greece,2025-07-25,15:00 - 22:00
Greece,2025-07-25,16:00 - 21:00
Hungary,2025-08-17,00:00 - 22:00
Italy,2025-08-02,07:00 - 22:00
Liechtenstein,2025-07-23,00:00 - 05:00; 22:00 - 24:00
Luxembourg,2025-08-02,23:30 - 24:00
Luxembourg,2025-08-03,00:00 - 21:45
Poland,2025-08-08,18:00 - 22:00
Romania,2025-08-08,12:00 - 22:00
Slovakia,2025-08-17,00:00 - 22:00
Slovenia,2025-08-09,08:00 - 13:00
Switzerland,2025-07-23,00:00 - 05:00; 22:00 - 24:00
Austria,2025-07-20,22:00 - 24:00
France,2025-08-15,00:00 - 22:00
Liechtenstein,2025-07-24,00:00 - 05:00; 22:00 - 24:00
Luxembourg,2025-08-09,21:30 - 24:00
Switzerland,2025-07-24,00:00 - 05:00; 22:00 - 24:00
Austria,2025-07-21,00:00 - 05:00; 22:00 - 24:00
Liechtenstein,2025-07-25,00:00 - 05:00; 22:00 - 24:00
Switzerland,2025-07-25,00:00 - 05:00; 22:00 - 24:00
Austria,2025-07-22,00:00 - 05:00; 22:00 - 24:00
Liechtenstein,2025-07-26,00:00 - 05:00; 22:00 - 24:00
Switzerland,2025-07-26,00:00 - 05:00; 22:00 - 24:00
Austria,2025-07-23,00:00 - 05:00; 22:00 - 24:00
Liechtenstein,2025-07-27,00:00 - 24:00
Switzerland,2025-07-27,00:00 - 24:00
Austria,2025-07-24,00:00 - 05:00; 22:00 - 24:00
Czech Republic,2025-08-09,07:00 - 13:00
Greece,2025-07-26,08:00 - 16:00
Greece,2025-07-26,08:00 - 22:00
Liechtenstein,2025-07-28,00:00 - 05:00; 22:00 - 24:00
Poland,2025-08-09,08:00 - 14:00
Romania,2025-08-09,06:00 - 22:00
Switzerland,2025-07-28,00:00 - 05:00; 22:00 - 24:00
Austria,2025-07-25,00:00 - 05:00; 22:00 - 24:00
Austria,2025-07-26,00:00 - 05:00; 22:00 - 24:00
Austria,2025-07-26,07:00 - 15:00
Austria,2025-07-26,15:00 - 24:00
Croatia,2025-08-14,15:00 - 23:00
Czech Republic,2025-08-10,13:00 - 22:00
France,2025-08-16,07:00 - 19:00
Germany,2025-08-23,07:00 - 20:00
Greece,2025-07-27,08:00 - 22:00
Greece,2025-07-27,15:00 - 22:00
Hungary,2025-08-19,22:00 - 24:00
Italy,2025-08-08,16:00 - 22:00
Liechtenstein,2025-07-29,00:00 - 05:00; 22:00 - 24:00
Luxembourg,2025-08-09,23:30 - 24:00
Luxembourg,2025-08-10,00:00 - 21:45
Poland,2025-08-10,08:00 - 22:00
Romania,2025-08-10,06:00 - 22:00
Slovakia,2025-08-23,07:00 - 19:00
Slovenia,2025-08-09,06:00 - 16:00
Slovenia,2025-08-10,08:00 - 22:00
Switzerland,2025-07-29,00:00 - 05:00; 22:00 - 24:00
Austria,2025-07-26,08:00 - 15:00
Austria,2025-07-27,00:00 - 22:00
Croatia,2025-08-15,14:00 - 23:00
Czech Republic,2025-08-15,17:00 - 21:00
France,2025-08-17,00:00 - 22:00
Germany,2025-08-24,00:00 - 22:00
Greece,2025-07-27,10:00 - 22:00
Greece,2025-07-27,18:00 - 23:00
Greece,2025-08-01,15:00 - 22:00
Greece,2025-08-01,16:00 - 21:00
Hungary,2025-08-20,00:00 - 22:00
Italy,2025-08-09,08:00 - 22:00
Liechtenstein,2025-07-30,00:00 - 05:00; 22:00 - 24:00
Luxembourg,2025-08-14,21:30 - 24:00
Poland,2025-08-14,18:00 - 22:00
Romania,2025-08-14,18:00 - 22:00
Slovakia,2025-08-24,00:00 - 22:00
Slovenia,2025-08-15,08:00 - 22:00
Switzerland,2025-07-30,00:00 - 05:00; 22:00 - 24:00
Austria,2025-07-27,22:00 - 24:00
Liechtenstein,2025-07-31,00:00 - 05:00; 22:00 - 24:00
Switzerland,2025-07-31,00:00 - 05:00; 22:00 - 24:00
Austria,2025-07-28,00:00 - 05:00; 22:00 - 24:00
Liechtenstein,2025-08-01,00:00 - 05:00; 22:00 - 24:00
Switzerland,2025-08-01,00:00 - 24:00
Austria,2025-07-29,00:00 - 05:00; 22:00 - 24:00
Liechtenstein,2025-08-02,00:00 - 05:00; 22:00 - 24:00
Switzerland,2025-08-02,00:00 - 05:00; 22:00 - 24:00
Austria,2025-07-30,00:00 - 05:00; 22:00 - 24:00
Liechtenstein,2025-08-03,00:00 - 24:00
Switzerland,2025-08-03,00:00 - 24:00
Austria,2025-07-31,00:00 - 05:00; 22:00 - 24:00
Czech Republic,2025-08-16,07:00 - 13:00
Greece,2025-08-02,08:00 - 16:00
Greece,2025-08-02,08:00 - 22:00
Hungary,2025-07-26,15:00 - 22:00
Hungary,2025-07-27,06:00 - 22:00
Italy,2025-08-09,07:00 - 22:00
Liechtenstein,2025-08-04,00:00 - 05:00; 22:00 - 24:00
Poland,2025-08-15,08:00 - 22:00
Romania,2025-08-14,16:00-22:00
Switzerland,2025-08-04,00:00 - 05:00; 22:00 - 24:00
Austria,2025-08-01,00:00 - 05:00; 22:00 - 24:00
Austria,2025-08-02,00:00 - 05:00; 22:00 - 24:00
Austria,2025-08-02,07:00 - 15:00
Austria,2025-08-02,15:00 - 24:00
Croatia,2025-08-16,04:00 - 14:00
Czech Republic,2025-08-17,13:00 - 22:00
France,2025-08-23,07:00 - 19:00
Germany,2025-08-30,07:00 - 20:00
Greece,2025-08-03,08:00 - 22:00
Greece,2025-08-03,15:00 - 22:00
Hungary,2025-08-23,15:00 - 24:00
Italy,2025-08-10,07:00 - 22:00
Italy,2025-08-15,07:00 - 22:00
Liechtenstein,2025-08-05,00:00 - 05:00; 22:00 - 24:00
Luxembourg,2025-08-14,23:30 - 24:00
Luxembourg,2025-08-15,00:00 - 21:45
Poland,2025-08-16,08:00 - 14:00
Romania,2025-08-15,06:00 - 22:00
Slovakia,2025-08-29,00:00 - 22:00
Slovenia,2025-08-16,06:00 - 16:00
Slovenia,2025-08-16,08:00 - 13:00
Switzerland,2025-08-05,00:00 - 05:00; 22:00 - 24:00
Austria,2025-08-02,08:00 - 15:00
Austria,2025-08-03,00:00 - 22:00
Croatia,2025-08-17,12:00 - 23:00
Czech Republic,2025-08-22,17:00 - 21:00
France,2025-08-24,00:00 - 22:00
Germany,2025-08-31,00:00 - 22:00
Greece,2025-08-03,10:00 - 22:00
Greece,2025-08-03,18:00 - 23:00
Greece,2025-08-08,15:00 - 22:00
Greece,2025-08-08,16:00 - 21:00
Hungary,2025-08-24,00:00 - 22:00
Italy,2025-08-16,08:00 - 16:00
Liechtenstein,2025-08-06,00:00 - 05:00; 22:00 - 24:00
Luxembourg,2025-08-16,21:30 - 24:00
Poland,2025-08-17,08:00 - 22:00
Romania,2025-08-15,12:00 - 22:00
Slovakia,2025-08-30,07:00 - 19:00
Slovenia,2025-08-17,08:00 - 22:00
Switzerland,2025-08-06,00:00 - 05:00; 22:00 - 24:00
Austria,2025-08-03,22:00 - 24:00
Liechtenstein,2025-08-07,00:00 - 05:00; 22:00 - 24:00
Switzerland,2025-08-07,00:00 - 05:00; 22:00 - 24:00
Austria,2025-08-04,00:00 - 05:00; 22:00 - 24:00
Liechtenstein,2025-08-08,00:00 - 05:00; 22:00 - 24:00
Switzerland,2025-08-08,00:00 - 05:00; 22:00 - 24:00
Austria,2025-08-05,00:00 - 05:00; 22:00 - 24:00
Liechtenstein,2025-08-09,00:00 - 05:00; 22:00 - 24:00
Switzerland,2025-08-09,00:00 - 05:00; 22:00 - 24:00
Austria,2025-08-06,00:00 - 05:00; 22:00 - 24:00
Liechtenstein,2025-08-10,00:00 - 24:00
Switzerland,2025-08-10,00:00 - 24:00
Austria,2025-08-07,00:00 - 05:00; 22:00 - 24:00
Czech Republic,2025-08-23,07:00 - 13:00
Greece,2025-08-09,08:00 - 16:00
Greece,2025-08-09,08:00 - 22:00
Austria,2025-08-08,00:00 - 05:00; 22:00 - 24:00
Austria,2025-08-09,00:00 - 05:00; 22:00 - 24:00
Austria,2025-08-09,07:00 - 15:00
Austria,2025-08-09,15:00 - 24:00
Croatia,2025-08-23,04:00 - 14:00
Czech Republic,2025-08-24,13:00 - 22:00
France,2025-08-30,22:00 - 24:00
Germany,2025-09-07,00:00 - 22:00
Greece,2025-08-10,08:00 - 22:00
Greece,2025-08-10,15:00 - 22:00
Hungary,2025-08-30,15:00 - 24:00
Italy,2025-08-16,07:00 - 22:00
Italy,2025-08-17,07:00 - 22:00
Italy,2025-08-23,08:00 - 16:00
Liechtenstein,2025-08-11,00:00 - 05:00; 22:00 - 24:00
Liechtenstein,2025-08-12,00:00 - 05:00; 22:00 - 24:00
Luxembourg,2025-08-16,23:30 - 24:00
Luxembourg,2025-08-17,00:00 - 21:45
Poland,2025-08-22,18:00 - 22:00
Poland,2025-08-23,08:00 - 14:00
Romania,2025-08-16,06:00 - 22:00
Romania,2025-08-17,06:00 - 22:00
Slovakia,2025-08-31,00:00 - 22:00
Slovenia,2025-08-23,06:00 - 16:00
Slovenia,2025-08-23,08:00 - 13:00
Switzerland,2025-08-11,00:00 - 05:00; 22:00 - 24:00
Switzerland,2025-08-12,00:00 - 05:00; 22:00 - 24:00
Austria,2025-08-09,08:00 - 15:00
Austria,2025-08-10,00:00 - 22:00
Croatia,2025-08-24,12:00 - 23:00
Czech Republic,2025-08-29,17:00 - 21:00
France,2025-08-31,00:00 - 22:00
Germany,2025-09-14,00:00 - 22:00
Greece,2025-08-10,10:00 - 22:00
Greece,2025-08-10,18:00 - 23:00
Greece,2025-08-14,16:00 - 22:00
Greece,2025-08-15,08:00 - 13:00
Hungary,2025-08-31,00:00 - 22:00
Italy,2025-08-23,07:00 - 22:00
Liechtenstein,2025-08-13,00:00 - 05:00; 22:00 - 24:00
Luxembourg,2025-08-23,21:30 - 24:00
Poland,2025-08-24,08:00 - 22:00
Romania,2025-08-22,12:00 - 22:00
Slovakia,2025-09-01,00:00 - 22:00
Slovenia,2025-08-24,08:00 - 22:00
Switzerland,2025-08-13,00:00 - 05:00; 22:00 - 24:00
Austria,2025-08-10,22:00 - 24:00
Croatia,2025-08-30,04:00 - 14:00
Liechtenstein,2025-08-14,00:00 - 05:00; 22:00 - 24:00
Switzerland,2025-08-14,00:00 - 05:00; 22:00 - 24:00
Austria,2025-08-11,00:00 - 05:00; 22:00 - 24:00
Croatia,2025-08-31,12:00 - 23:00
Liechtenstein,2025-08-15,00:00 - 24:00
Switzerland,2025-08-15,00:00 - 05:00; 22:00 - 24:00
Austria,2025-08-12,00:00 - 05:00; 22:00 - 24:00
Liechtenstein,2025-08-16,00:00 - 05:00; 22:00 - 24:00
Switzerland,2025-08-16,00:00 - 05:00; 22:00 - 24:00
Austria,2025-08-13,00:00 - 05:00; 22:00 - 24:00
Liechtenstein,2025-08-17,00:00 - 24:00
Switzerland,2025-08-17,00:00 - 24:00
Austria,2025-08-14,00:00 - 05:00; 22:00 - 24:00
Czech Republic,2025-08-30,07:00 - 13:00
Greece,2025-08-15,15:00 - 22:00
Greece,2025-08-15,18:00 - 24:00
Hungary,2025-08-09,15:00 - 22:00
Hungary,2025-08-10,06:00 - 22:00
Italy,2025-08-24,07:00 - 22:00
Liechtenstein,2025-08-18,00:00 - 05:00; 22:00 - 24:00
Poland,2025-08-29,18:00 - 22:00
Romania,2025-08-23,06:00 - 22:00
Switzerland,2025-08-18,00:00 - 05:00; 22:00 - 24:00
Austria,2025-08-15,00:00 - 22:00
Austria,2025-08-15,22:00 - 24:00
Austria,2025-08-16,00:00 - 05:00; 22:00 - 24:00
Austria,2025-08-16,07:00 - 15:00
Croatia,2025-09-06,04:00 - 14:00
Czech Republic,2025-08-31,13:00 - 22:00
France,2025-09-06,22:00 - 24:00
Germany,2025-09-21,00:00 - 22:00
Greece,2025-08-16,08:00 - 16:00
Greece,2025-08-16,08:00 - 22:00
Hungary,2025-09-06,22:00 - 24:00
Italy,2025-08-30,07:00 - 22:00
Italy,2025-08-30,08:00 - 16:00
Liechtenstein,2025-08-19,00:00 - 05:00; 22:00 - 24:00
Luxembourg,2025-08-23,23:30 - 24:00
Luxembourg,2025-08-24,00:00 - 21:45
Poland,2025-08-30,08:00 - 14:00
Romania,2025-08-24,06:00 - 22:00
Slovakia,2025-09-07,00:00 - 22:00
Slovenia,2025-08-30,06:00 - 16:00
Slovenia,2025-08-30,08:00 - 13:00
Switzerland,2025-08-19,00:00 - 05:00; 22:00 - 24:00
Austria,2025-08-16,08:00 - 15:00
Austria,2025-08-16,15:00 - 24:00
Croatia,2025-09-07,12:00 - 23:00
Czech Republic,2025-09-07,13:00 - 22:00
France,2025-09-07,00:00 - 22:00
Germany,2025-09-28,00:00 - 22:00
Greece,2025-08-17,08:00 - 22:00
Greece,2025-08-17,10:00 - 22:00
Greece,2025-08-17,16:00 - 23:00
Greece,2025-08-17,18:00 - 23:00
Hungary,2025-09-07,00:00 - 22:00
Italy,2025-08-31,07:00 - 22:00
Liechtenstein,2025-08-20,00:00 - 05:00; 22:00 - 24:00
Luxembourg,2025-08-30,21:30 - 24:00
Poland,2025-08-31,08:00 - 22:00
Romania,2025-08-29,12:00 - 22:00
Slovakia,2025-09-14,00:00 - 22:00
Slovenia,2025-08-31,08:00 - 22:00
Switzerland,2025-08-20,00:00 - 05:00; 22:00 - 24:00
Austria,2025-08-17,00:00 - 22:00
Liechtenstein,2025-08-21,00:00 - 05:00; 22:00 - 24:00
Switzerland,2025-08-21,00:00 - 05:00; 22:00 - 24:00
Austria,2025-08-17,22:00 - 24:00
Liechtenstein,2025-08-22,00:00 - 05:00; 22:00 - 24:00
Switzerland,2025-08-22,00:00 - 05:00; 22:00 - 24:00
Austria,2025-08-18,00:00 - 05:00; 22:00 - 24:00
Liechtenstein,2025-08-23,00:00 - 05:00; 22:00 - 24:00
Switzerland,2025-08-23,00:00 - 05:00; 22:00 - 24:00
Austria,2025-08-19,00:00 - 05:00; 22:00 - 24:00
Croatia,2025-09-13,04:00 - 14:00
France,2025-09-13,22:00 - 24:00
Greece,2025-08-22,16:00 - 21:00
Liechtenstein,2025-08-24,00:00 - 24:00
Luxembourg,2025-08-30,23:30 - 24:00
Luxembourg,2025-08-31,00:00 - 21:45
Poland,2025-10-31,18:00 - 22:00
Romania,2025-08-30,06:00 - 22:00
Romania,2025-08-31,06:00 - 22:00
Switzerland,2025-08-24,00:00 - 24:00
Austria,2025-08-20,00:00 - 05:00; 22:00 - 24:00
Austria,2025-08-21,00:00 - 05:00; 22:00 - 24:00
Croatia,2025-09-14,12:00 - 23:00
Czech Republic,2025-09-14,13:00 - 22:00
France,2025-09-14,00:00 - 22:00
Greece,2025-08-22,15:00 - 22:00
Greece,2025-08-23,08:00 - 16:00
Greece,2025-08-23,08:00 - 22:00
Hungary,2025-08-16,15:00 - 22:00
Hungary,2025-08-17,06:00 - 22:00
Italy,2025-09-07,07:00 - 22:00
Liechtenstein,2025-08-25,00:00 - 05:00; 22:00 - 24:00
Luxembourg,2025-09-06,21:30 - 24:00
Poland,2025-11-01,08:00 - 22:00
Slovenia,2025-09-06,08:00 - 13:00
Switzerland,2025-08-25,00:00 - 05:00; 22:00 - 24:00
Austria,2025-08-22,00:00 - 05:00; 22:00 - 24:00
Austria,2025-08-23,00:00 - 05:00; 22:00 - 24:00
Austria,2025-08-23,07:00 - 15:00
Austria,2025-08-23,15:00 - 24:00
Croatia,2025-10-31,15:00 - 23:00
Czech Republic,2025-09-21,13:00 - 22:00
France,2025-09-20,22:00 - 24:00
Germany,2025-10-03,00:00 - 22:00
Greece,2025-08-24,08:00 - 22:00
Greece,2025-08-24,15:00 - 22:00
Hungary,2025-09-13,22:00 - 24:00
Italy,2025-09-14,07:00 - 22:00
Italy,2025-09-21,07:00 - 22:00
Liechtenstein,2025-08-26,00:00 - 05:00; 22:00 - 24:00
Luxembourg,2025-09-06,23:30 - 24:00
Luxembourg,2025-09-07,00:00 - 21:45
Poland,2025-11-10,18:00 - 22:00
Slovakia,2025-09-15,00:00 - 22:00
Slovenia,2025-09-06,06:00 - 16:00
Slovenia,2025-09-07,08:00 - 22:00
Switzerland,2025-08-26,00:00 - 05:00; 22:00 - 24:00
Austria,2025-08-23,08:00 - 15:00
Austria,2025-08-24,00:00 - 22:00
Croatia,2025-11-01,14:00 - 23:00
Czech Republic,2025-09-28,13:00 - 22:00
France,2025-09-21,00:00 - 22:00
Germany,2025-10-05,00:00 - 22:00
Greece,2025-08-24,10:00 - 22:00
Greece,2025-08-24,18:00 - 23:00
Greece,2025-08-29,15:00 - 22:00
Greece,2025-08-29,16:00 - 21:00
Hungary,2025-09-14,00:00 - 22:00
Italy,2025-09-28,07:00 - 22:00
Liechtenstein,2025-08-27,00:00 - 05:00; 22:00 - 24:00
Luxembourg,2025-09-13,21:30 - 24:00
Poland,2025-11-11,08:00 - 22:00
Slovakia,2025-09-21,00:00 - 22:00
Slovenia,2025-09-14,08:00 - 22:00
Switzerland,2025-08-27,00:00 - 05:00; 22:00 - 24:00
Austria,2025-08-24,22:00 - 24:00
Liechtenstein,2025-08-28,00:00 - 05:00; 22:00 - 24:00
Switzerland,2025-08-28,00:00 - 05:00; 22:00 - 24:00
Austria,2025-08-25,00:00 - 05:00; 22:00 - 24:00
Hungary,2025-08-20,06:00 - 22:00
Hungary,2025-09-20,22:00 - 24:00
Liechtenstein,2025-08-29,00:00 - 05:00; 22:00 - 24:00
Switzerland,2025-08-29,00:00 - 05:00; 22:00 - 24:00
Austria,2025-08-26,00:00 - 05:00; 22:00 - 24:00
Hungary,2025-09-21,00:00 - 22:00
Liechtenstein,2025-08-30,00:00 - 05:00; 22:00 - 24:00
Switzerland,2025-08-30,00:00 - 05:00; 22:00 - 24:00
Austria,2025-08-27,00:00 - 05:00; 22:00 - 24:00
Liechtenstein,2025-08-31,00:00 - 24:00
Switzerland,2025-08-31,00:00 - 24:00
Austria,2025-08-28,00:00 - 05:00; 22:00 - 24:00
Czech Republic,2025-10-05,13:00 - 22:00
Greece,2025-08-30,08:00 - 16:00
Greece,2025-08-30,08:00 - 22:00
Liechtenstein,2025-09-01,00:00 - 05:00; 22:00 - 24:00
Switzerland,2025-09-01,00:00 - 05:00; 22:00 - 24:00
Austria,2025-08-29,00:00 - 05:00; 22:00 - 24:00
Austria,2025-08-30,00:00 - 05:00; 22:00 - 24:00
Austria,2025-08-30,07:00 - 15:00
Austria,2025-08-30,15:00 - 24:00
Croatia,2025-11-17,15:00 - 23:00
Czech Republic,2025-10-12,13:00 - 22:00
France,2025-09-27,22:00 - 24:00
Germany,2025-10-12,00:00 - 22:00
Greece,2025-08-31,08:00 - 22:00
Greece,2025-08-31,15:00 - 22:00
Hungary,2025-09-27,22:00 - 24:00
Italy,2025-10-05,09:00 - 22:00
Italy,2025-10-12,09:00 - 22:00
Liechtenstein,2025-09-02,00:00 - 05:00; 22:00 - 24:00
Luxembourg,2025-09-13,23:30 - 24:00
Luxembourg,2025-09-14,00:00 - 21:45
Slovakia,2025-09-28,00:00 - 22:00
Slovenia,2025-09-21,08:00 - 22:00
Slovenia,2025-09-28,08:00 - 22:00
Switzerland,2025-09-02,00:00 - 05:00; 22:00 - 24:00
Austria,2025-08-30,08:00 - 15:00
Austria,2025-08-31,00:00 - 22:00
Croatia,2025-11-18,14:00 - 23:00
Czech Republic,2025-10-19,13:00 - 22:00
France,2025-09-28,00:00 - 22:00
Germany,2025-10-19,00:00 - 22:00
Greece,2025-08-31,10:00 - 22:00
Greece,2025-08-31,18:00 - 23:00
Greece,2025-09-05,16:00 - 21:00
Greece,2025-09-06,08:00 - 16:00
Italy,2025-10-19,09:00 - 22:00
Liechtenstein,2025-09-03,00:00 - 05:00; 22:00 - 24:00
Luxembourg,2025-09-20,21:30 - 24:00
Slovakia,2025-10-05,00:00 - 22:00
Slovenia,2025-10-05,08:00 - 22:00
Switzerland,2025-09-03,00:00 - 05:00; 22:00 - 24:00
Austria,2025-08-31,22:00 - 24:00
Austria,2025-09-01,00:00 - 05:00; 22:00 - 24:00
Hungary,2025-09-28,00:00 - 22:00
Liechtenstein,2025-09-04,00:00 - 05:00; 22:00 - 24:00
Liechtenstein,2025-09-05,00:00 - 05:00; 22:00 - 24:00
Slovakia,2025-10-12,00:00 - 22:00
Switzerland,2025-09-04,00:00 - 05:00; 22:00 - 24:00
Switzerland,2025-09-05,00:00 - 05:00; 22:00 - 24:00
Austria,2025-09-02,00:00 - 05:00; 22:00 - 24:00
Liechtenstein,2025-09-06,00:00 - 05:00; 22:00 - 24:00
Switzerland,2025-09-06,00:00 - 05:00; 22:00 - 24:00
Austria,2025-09-03,00:00 - 05:00; 22:00 - 24:00
Liechtenstein,2025-09-07,00:00 - 24:00
Switzerland,2025-09-07,00:00 - 24:00
Austria,2025-09-04,00:00 - 05:00; 22:00 - 24:00
Czech Republic,2025-10-26,13:00 - 22:00
Greece,2025-09-06,08:00 - 22:00
Greece,2025-09-07,15:00 - 22:00
Liechtenstein,2025-09-08,00:00 - 24:00
Slovakia,2025-10-19,00:00 - 22:00
Switzerland,2025-09-08,00:00 - 05:00; 22:00 - 24:00
Austria,2025-09-05,00:00 - 05:00; 22:00 - 24:00
Austria,2025-09-06,00:00 - 05:00; 22:00 - 24:00
Austria,2025-09-06,07:00 - 15:00
Austria,2025-09-06,15:00 - 24:00
Czech Republic,2025-10-28,13:00 - 22:00
France,2025-10-04,22:00 - 24:00
Germany,2025-10-26,00:00 - 22:00
Greece,2025-09-07,10:00 - 22:00
Greece,2025-09-07,18:00 - 23:00
Hungary,2025-10-04,22:00 - 24:00
Italy,2025-10-26,09:00 - 22:00
Italy,2025-11-01,09:00 - 22:00
Liechtenstein,2025-09-09,00:00 - 05:00; 22:00 - 24:00
Luxembourg,2025-09-20,23:30 - 24:00
Luxembourg,2025-09-21,00:00 - 21:45
Romania,2025-11-29,16:00-22:00
Romania,2025-11-29,18:00 - 22:00
Slovakia,2025-10-26,00:00 - 22:00
Slovenia,2025-10-12,08:00 - 22:00
Slovenia,2025-10-19,08:00 - 22:00
Switzerland,2025-09-09,00:00 - 05:00; 22:00 - 24:00
Austria,2025-09-07,00:00 - 22:00
Austria,2025-09-07,22:00 - 24:00
Czech Republic,2025-11-02,13:00 - 22:00
France,2025-10-05,00:00 - 22:00
Germany,2025-10-31,00:00 - 22:00
Greece,2025-09-07,08:00 - 22:00
Greece,2025-10-10,16:00 - 22:00
Greece,2025-10-25,08:00 - 13:00
Greece,2025-10-28,16:00 - 23:00
Hungary,2025-10-05,00:00 - 22:00
Italy,2025-11-02,09:00 - 22:00
Liechtenstein,2025-09-10,00:00 - 05:00; 22:00 - 24:00
Luxembourg,2025-09-27,21:30 - 24:00
Romania,2025-11-30,06:00 - 22:00
Slovakia,2025-11-01,00:00 - 22:00
Slovenia,2025-10-26,08:00 - 22:00
Switzerland,2025-09-10,00:00 - 05:00; 22:00 - 24:00
Austria,2025-09-08,00:00 - 05:00; 22:00 - 24:00
Liechtenstein,2025-09-11,00:00 - 05:00; 22:00 - 24:00
Romania,2025-12-01,06:00 - 22:00
Switzerland,2025-09-11,00:00 - 05:00; 22:00 - 24:00
Austria,2025-09-09,00:00 - 05:00; 22:00 - 24:00
Liechtenstein,2025-09-12,00:00 - 05:00; 22:00 - 24:00
Switzerland,2025-09-12,00:00 - 05:00; 22:00 - 24:00
Austria,2025-09-10,00:00 - 05:00; 22:00 - 24:00
Liechtenstein,2025-09-13,00:00 - 05:00; 22:00 - 24:00
Switzerland,2025-09-13,00:00 - 05:00; 22:00 - 24:00
Austria,2025-09-11,00:00 - 05:00; 22:00 - 24:00
Liechtenstein,2025-09-14,00:00 - 24:00
Switzerland,2025-09-14,00:00 - 24:00
Austria,2025-09-12,00:00 - 05:00; 22:00 - 24:00
Liechtenstein,2025-09-15,00:00 - 05:00; 22:00 - 24:00
Switzerland,2025-09-15,00:00 - 05:00; 22:00 - 24:00
Austria,2025-09-13,00:00 - 05:00; 22:00 - 24:00
Austria,2025-09-13,07:00 - 15:00
Austria,2025-09-13,15:00 - 24:00
France,2025-10-11,22:00 - 24:00
Hungary,2025-10-11,22:00 - 24:00
Liechtenstein,2025-09-16,00:00 - 05:00; 22:00 - 24:00
Luxembourg,2025-09-27,23:30 - 24:00
Luxembourg,2025-09-28,00:00 - 21:45
Austria,2025-09-14,00:00 - 22:00
Austria,2025-09-14,00:00-24:00
Czech Republic,2025-11-09,13:00 - 22:00
France,2025-10-12,00:00 - 22:00
Germany,2025-11-01,00:00 - 22:00
Hungary,2025-10-12,00:00 - 22:00
Italy,2025-11-09,09:00 - 22:00
Liechtenstein,2025-09-17,00:00 - 05:00; 22:00 - 24:00
Luxembourg,2025-10-02,23:30 - 24:00
Slovakia,2025-11-02,00:00 - 22:00
Slovenia,2025-10-31,08:00 - 22:00
Slovenia,2025-11-01,08:00 - 22:00
Slovenia,2025-11-02,08:00 - 22:00
Switzerland,2025-09-16,00:00 - 05:00; 22:00 - 24:00
Switzerland,2025-09-17,00:00 - 05:00; 22:00 - 24:00
Austria,2025-09-15,00:00 - 05:00; 22:00 - 24:00
Liechtenstein,2025-09-18,00:00 - 05:00; 22:00 - 24:00
Switzerland,2025-09-18,00:00 - 05:00; 22:00 - 24:00
Austria,2025-09-16,00:00 - 05:00; 22:00 - 24:00
Liechtenstein,2025-09-19,00:00 - 05:00; 22:00 - 24:00
Switzerland,2025-09-19,00:00 - 05:00; 22:00 - 24:00
Austria,2025-09-17,00:00 - 05:00; 22:00 - 24:00
Liechtenstein,2025-09-20,00:00 - 05:00; 22:00 - 24:00
Switzerland,2025-09-20,00:00 - 05:00; 22:00 - 24:00
Austria,2025-09-18,00:00 - 05:00; 22:00 - 24:00
Liechtenstein,2025-09-21,00:00 - 24:00
Switzerland,2025-09-21,00:00 - 24:00
Austria,2025-09-19,00:00 - 05:00; 22:00 - 24:00
Liechtenstein,2025-09-22,00:00 - 05:00; 22:00 - 24:00
Switzerland,2025-09-22,00:00 - 05:00; 22:00 - 24:00
Austria,2025-09-20,00:00 - 05:00; 22:00 - 24:00
Austria,2025-09-20,07:00 - 15:00
Austria,2025-09-20,15:00 - 24:00
France,2025-10-18,22:00 - 24:00
Hungary,2025-10-18,22:00 - 24:00
Liechtenstein,2025-09-23,00:00 - 05:00; 22:00 - 24:00
Luxembourg,2025-10-03,00:00 - 21:45
Luxembourg,2025-10-04,21:30 - 24:00
Switzerland,2025-09-23,00:00 - 05:00; 22:00 - 24:00
Austria,2025-09-21,00:00 - 22:00
Austria,2025-09-21,00:00 - 24:00
Czech Republic,2025-11-16,13:00 - 22:00
France,2025-10-19,00:00 - 22:00
Germany,2025-11-02,00:00 - 22:00
Hungary,2025-10-19,00:00 - 22:00
Italy,2025-11-16,09:00 - 22:00
Liechtenstein,2025-09-24,00:00 - 05:00; 22:00 - 24:00
Luxembourg,2025-10-04,23:30 - 24:00
Slovakia,2025-11-09,00:00 - 22:00
Slovenia,2025-11-09,08:00 - 22:00
Switzerland,2025-09-24,00:00 - 05:00; 22:00 - 24:00
Austria,2025-09-21,22:00 - 24:00
Austria,2025-09-22,00:00 - 05:00; 22:00 - 24:00
Liechtenstein,2025-09-25,00:00 - 05:00; 22:00 - 24:00
Slovakia,2025-11-16,00:00 - 22:00
Switzerland,2025-09-25,00:00 - 05:00; 22:00 - 24:00
Austria,2025-09-23,00:00 - 05:00; 22:00 - 24:00
Liechtenstein,2025-09-26,00:00 - 05:00; 22:00 - 24:00
Switzerland,2025-09-26,00:00 - 05:00; 22:00 - 24:00
Austria,2025-09-24,00:00 - 05:00; 22:00 - 24:00
Liechtenstein,2025-09-27,00:00 - 05:00; 22:00 - 24:00
Switzerland,2025-09-27,00:00 - 05:00; 22:00 - 24:00
Austria,2025-09-25,00:00 - 05:00; 22:00 - 24:00
Liechtenstein,2025-09-28,00:00 - 24:00
Switzerland,2025-09-28,00:00 - 24:00
Austria,2025-09-26,00:00 - 05:00; 22:00 - 24:00
Liechtenstein,2025-09-29,00:00 - 05:00; 22:00 - 24:00
Switzerland,2025-09-29,00:00 - 05:00; 22:00 - 24:00
Austria,2025-09-27,00:00 - 05:00; 22:00 - 24:00
Austria,2025-09-27,07:00 - 15:00
Austria,2025-09-27,15:00 - 24:00
France,2025-10-25,22:00 - 24:00
Hungary,2025-10-22,22:00 - 24:00
Liechtenstein,2025-09-30,00:00 - 05:00; 22:00 - 24:00
Luxembourg,2025-10-05,00:00 - 21:45
Luxembourg,2025-10-11,21:30 - 24:00
Switzerland,2025-09-30,00:00 - 05:00; 22:00 - 24:00
Austria,2025-09-28,00:00 - 22:00
Austria,2025-09-28,22:00 - 24:00
Czech Republic,2025-11-17,13:00 - 22:00
France,2025-10-26,00:00 - 22:00
Germany,2025-11-09,00:00 - 22:00
Hungary,2025-10-23,00:00 - 22:00
Italy,2025-11-23,09:00 - 22:00
Liechtenstein,2025-10-01,00:00 - 05:00; 22:00 - 24:00
Luxembourg,2025-10-11,23:30 - 24:00
Slovakia,2025-11-17,00:00 - 22:00
Slovenia,2025-11-16,08:00 - 22:00
Switzerland,2025-10-01,00:00 - 05:00; 22:00 - 24:00
Austria,2025-09-29,00:00 - 05:00; 22:00 - 24:00
Liechtenstein,2025-10-02,00:00 - 05:00; 22:00 - 24:00
Switzerland,2025-10-02,00:00 - 05:00; 22:00 - 24:00
Austria,2025-09-30,00:00 - 05:00; 22:00 - 24:00
Liechtenstein,2025-10-03,00:00 - 05:00; 22:00 - 24:00
Switzerland,2025-10-03,00:00 - 05:00; 22:00 - 24:00
Austria,2025-10-01,00:00 - 05:00; 22:00 - 24:00
Croatia,2025-12-24,15:00 - 23:00
Greece,2025-12-24,16:00 - 22:00
Liechtenstein,2025-10-04,00:00 - 05:00; 22:00 - 24:00
Romania,2025-12-24,16:00-22:00
Romania,2025-12-24,18:00 - 22:00
Switzerland,2025-10-04,00:00 - 05:00; 22:00 - 24:00
Austria,2025-10-02,07:00 - 22:00
Croatia,2025-12-25,14:00 - 23:00
Liechtenstein,2025-10-05,00:00 - 24:00
Poland,2025-12-25,08:00 - 22:00
Romania,2025-12-25,06:00 - 22:00
Switzerland,2025-10-05,00:00 - 24:00
Austria,2025-10-02,00:00 - 05:00; 22:00 - 24:00
Croatia,2025-12-26,14:00 - 23:00
Liechtenstein,2025-10-06,00:00 - 05:00; 22:00 - 24:00
Poland,2025-12-26,08:00 - 22:00
Romania,2025-12-26,06:00 - 22:00
Switzerland,2025-10-06,00:00 - 05:00; 22:00 - 24:00
Austria,2025-10-03,00:00 - 05:00; 22:00 - 24:00
Austria,2025-10-03,00:00 - 22:00
Austria,2025-10-04,00:00 - 05:00; 22:00 - 24:00
France,2025-10-31,22:00 - 24:00
Hungary,2025-10-25,22:00 - 24:00
Liechtenstein,2025-10-07,00:00 - 05:00; 22:00 - 24:00
Luxembourg,2025-10-12,00:00 - 21:45
Luxembourg,2025-10-18,21:30 - 24:00
Switzerland,2025-10-07,00:00 - 05:00; 22:00 - 24:00
Austria,2025-10-04,15:00 - 24:00
Austria,2025-10-05,00:00 - 22:00
Czech Republic,2025-11-23,13:00 - 22:00
France,2025-11-01,00:00 - 24:00
Germany,2025-11-16,00:00 - 22:00
Greece,2025-12-28,15:00 - 22:00
Hungary,2025-10-26,00:00 - 22:00
Italy,2025-11-30,09:00 - 22:00
Liechtenstein,2025-10-08,00:00 - 05:00; 22:00 - 24:00
Luxembourg,2025-10-18,23:30 - 24:00
Slovakia,2025-11-23,00:00 - 22:00
Slovenia,2025-11-23,08:00 - 22:00
Switzerland,2025-10-08,00:00 - 05:00; 22:00 - 24:00
Austria,2025-10-05,22:00 - 24:00
Liechtenstein,2025-10-09,00:00 - 05:00; 22:00 - 24:00
Switzerland,2025-10-09,00:00 - 05:00; 22:00 - 24:00
Austria,2025-10-06,00:00 - 05:00; 22:00 - 24:00
Liechtenstein,2025-10-10,00:00 - 05:00; 22:00 - 24:00
Switzerland,2025-10-10,00:00 - 05:00; 22:00 - 24:00
Austria,2025-10-07,00:00 - 05:00; 22:00 - 24:00
Croatia,2025-12-31,15:00 - 23:00
Greece,2025-12-31,15:00 - 21:00
Liechtenstein,2025-10-11,00:00 - 05:00; 22:00 - 24:00
Romania,2025-12-31,16:00-22:00
Romania,2025-12-31,18:00 - 22:00
Switzerland,2025-10-11,00:00 - 05:00; 22:00 - 24:00
Austria,2025-10-08,00:00 - 05:00; 22:00 - 24:00
Austria,2025-10-09,00:00 - 05:00; 22:00 - 24:00
Croatia,2026-01-01,14:00 - 23:00
Greece,2026-01-01,15:00 - 21:00
Liechtenstein,2025-10-12,00:00 - 24:00
Luxembourg,2025-10-19,00:00 - 21:45
Poland,2026-01-01,08:00 - 22:00
Switzerland,2025-10-12,00:00 - 24:00
Austria,2025-10-10,00:00 - 05:00; 22:00 - 24:00
Austria,2025-10-11,15:00 - 24:00
Germany,2025-11-23,00:00 - 22:00
Greece,2026-01-02,16:00 - 22:00
Liechtenstein,2025-10-13,00:00 - 05:00; 22:00 - 24:00
Luxembourg,2025-10-25,21:30 - 24:00
Switzerland,2025-10-13,00:00 - 05:00; 22:00 - 24:00
Austria,2025-10-11,00:00 - 05:00; 22:00 - 24:00
Austria,2025-10-12,00:00 - 22:00
France,2025-11-02,00:00 - 22:00
Greece,2026-01-03,08:00 - 13:00
Hungary,2025-11-01,08:00 - 24:00
Liechtenstein,2025-10-14,00:00 - 05:00; 22:00 - 24:00
Luxembourg,2025-10-25,23:30 - 24:00
Luxembourg,2025-10-26,00:00 - 21:45
Switzerland,2025-10-14,00:00 - 05:00; 22:00 - 24:00
Austria,2025-10-12,22:00 - 24:00
Austria,2025-10-13,00:00 - 05:00; 22:00 - 24:00
Czech Republic,2025-11-30,13:00 - 22:00
France,2025-11-08,22:00 - 24:00
Germany,2025-11-30,00:00 - 22:00
Hungary,2025-11-02,00:00 - 22:00
Italy,2025-12-07,09:00 - 22:00
Liechtenstein,2025-10-15,00:00 - 05:00; 22:00 - 24:00
Luxembourg,2025-10-31,21:30 - 24:00
Slovakia,2025-11-30,00:00 - 22:00
Slovenia,2025-11-30,08:00 - 22:00
Switzerland,2025-10-15,00:00 - 05:00; 22:00 - 24:00
Austria,2025-10-14,00:00 - 05:00; 22:00 - 24:00
Liechtenstein,2025-10-16,00:00 - 05:00; 22:00 - 24:00
Switzerland,2025-10-16,00:00 - 05:00; 22:00 - 24:00
Austria,2025-10-15,00:00 - 05:00; 22:00 - 24:00
Greece,2026-01-06,15:00 - 21:00
Liechtenstein,2025-10-17,00:00 - 05:00; 22:00 - 24:00
Switzerland,2025-10-17,00:00 - 05:00; 22:00 - 24:00
Austria,2025-10-16,00:00 - 05:00; 22:00 - 24:00
Liechtenstein,2025-10-18,00:00 - 05:00; 22:00 - 24:00
Switzerland,2025-10-18,00:00 - 05:00; 22:00 - 24:00
Austria,2025-10-17,00:00 - 05:00; 22:00 - 24:00
Liechtenstein,2025-10-19,00:00 - 24:00
Switzerland,2025-10-19,00:00 - 24:00
Austria,2025-10-18,00:00 - 05:00; 22:00 - 24:00
Liechtenstein,2025-10-20,00:00 - 05:00; 22:00 - 24:00
Switzerland,2025-10-20,00:00 - 05:00; 22:00 - 24:00
Austria,2025-10-18,15:00 - 24:00
Austria,2025-10-19,22:00 - 24:00
France,2025-11-09,00:00 - 22:00
Hungary,2025-11-08,22:00 - 24:00
Switzerland,2025-10-21,00:00 - 05:00; 22:00 - 24:00
Austria,2025-10-19,00:00 - 22:00
Austria,2025-10-20,00:00 - 05:00; 22:00 - 24:00
Austria,2025-10-21,00:00 - 05:00; 22:00 - 24:00
Czech Republic,2025-12-07,13:00 - 22:00
France,2025-11-10,22:00 - 24:00
Germany,2025-12-07,00:00 - 22:00
Hungary,2025-11-09,00:00 - 22:00
Italy,2025-12-08,09:00 - 22:00
Luxembourg,2025-10-31,23:30 - 24:00
Luxembourg,2025-11-01,00:00 - 21:45; 23:30 - 24:00
Luxembourg,2025-11-01,00:00 - 24:00
Slovakia,2025-12-07,00:00 - 22:00
Slovenia,2025-12-07,08:00 - 22:00
Switzerland,2025-10-22,00:00 - 05:00; 22:00 - 24:00
Switzerland,2025-10-23,00:00 - 05:00; 22:00 - 24:00
Austria,2025-10-22,00:00 - 05:00; 22:00 - 24:00
Liechtenstein,2025-10-21,00:00 - 05:00; 22:00 - 24:00
Liechtenstein,2025-10-22,00:00 - 05:00; 22:00 - 24:00
Liechtenstein,2025-10-23,00:00 - 05:00; 22:00 - 24:00
Liechtenstein,2025-10-24,00:00 - 05:00; 22:00 - 24:00
Switzerland,2025-10-24,00:00 - 05:00; 22:00 - 24:00
Austria,2025-10-23,00:00 - 05:00; 22:00 - 24:00
Liechtenstein,2025-10-25,00:00 - 05:00; 22:00 - 24:00
Switzerland,2025-10-25,00:00 - 05:00; 22:00 - 24:00
Austria,2025-10-24,00:00 - 05:00; 22:00 - 24:00
Liechtenstein,2025-10-26,00:00 - 24:00
Switzerland,2025-10-26,00:00 - 24:00
Austria,2025-10-25,00:00 - 05:00; 22:00 - 24:00
Liechtenstein,2025-10-27,00:00 - 05:00; 22:00 - 24:00
Switzerland,2025-10-27,00:00 - 05:00; 22:00 - 24:00
Austria,2025-10-25,15:00 - 24:00
Austria,2025-10-26,00:00 - 22:00
France,2025-11-11,00:00 - 22:00
Hungary,2025-11-15,22:00 - 24:00
Liechtenstein,2025-10-28,00:00 - 05:00; 22:00 - 24:00
Luxembourg,2025-11-02,00:00 - 21:45
Luxembourg,2025-11-08,21:30 - 24:00
Switzerland,2025-10-28,00:00 - 05:00; 22:00 - 24:00
Austria,2025-10-26,22:00 - 24:00
Austria,2025-10-27,00:00 - 05:00; 22:00 - 24:00
Czech Republic,2025-12-14,13:00 - 22:00
France,2025-11-15,22:00 - 24:00
Germany,2025-12-14,00:00 - 22:00
Hungary,2025-11-16,00:00 - 22:00
Italy,2025-12-14,09:00 - 22:00
Liechtenstein,2025-10-29,00:00 - 05:00; 22:00 - 24:00
Luxembourg,2025-11-08,23:30 - 24:00
Slovakia,2025-12-14,00:00 - 22:00
Slovenia,2025-12-14,08:00 - 22:00
Switzerland,2025-10-29,00:00 - 05:00; 22:00 - 24:00
Austria,2025-10-28,00:00 - 05:00; 22:00 - 24:00
Liechtenstein,2025-10-30,00:00 - 05:00; 22:00 - 24:00
Switzerland,2025-10-30,00:00 - 05:00; 22:00 - 24:00
Austria,2025-10-29,00:00 - 05:00; 22:00 - 24:00
Hungary,2025-10-23,06:00 - 22:00
Hungary,2025-11-22,22:00 - 24:00
Liechtenstein,2025-10-31,00:00 - 05:00; 22:00 - 24:00
Switzerland,2025-10-31,00:00 - 05:00; 22:00 - 24:00
Austria,2025-10-30,00:00 - 05:00; 22:00 - 24:00
Croatia,2026-01-05,15:00 - 23:00
Liechtenstein,2025-11-01,00:00 - 24:00
Switzerland,2025-11-01,00:00 - 05:00; 22:00 - 24:00
Austria,2025-10-31,00:00 - 05:00; 22:00 - 24:00
Hungary,2025-11-23,00:00 - 22:00
Liechtenstein,2025-11-02,00:00 - 24:00
Switzerland,2025-11-02,00:00 - 24:00
Austria,2025-11-01,00:00 - 22:00
Liechtenstein,2025-11-03,00:00 - 05:00; 22:00 - 24:00
Switzerland,2025-11-03,00:00 - 05:00; 22:00 - 24:00
Austria,2025-11-01,22:00 - 24:00
Austria,2025-11-02,00:00 - 22:00
France,2025-11-16,00:00 - 22:00
Hungary,2025-11-29,22:00 - 24:00
Liechtenstein,2025-11-04,00:00 - 05:00; 22:00 - 24:00
Luxembourg,2025-11-09,00:00 - 21:45
Luxembourg,2025-11-10,21:30 - 24:00
Switzerland,2025-11-04,00:00 - 05:00; 22:00 - 24:00
Austria,2025-11-02,22:00 - 24:00
Austria,2025-11-03,00:00 - 05:00; 22:00 - 24:00
Czech Republic,2025-12-21,13:00 - 22:00
France,2025-11-22,22:00 - 24:00
Germany,2025-12-21,00:00 - 22:00
Hungary,2025-11-30,00:00 - 22:00
Italy,2025-12-21,09:00 - 22:00
Liechtenstein,2025-11-05,00:00 - 05:00; 22:00 - 24:00
Luxembourg,2025-11-11,00:00 - 21:45
Slovakia,2025-12-21,00:00 - 22:00
Slovenia,2025-12-21,08:00 - 22:00
Switzerland,2025-11-05,00:00 - 05:00; 22:00 - 24:00
